Customerid,CustomerName,Income,AverageMonthlyExpenditure,CreditScore
Cus0001,Cynthia Washington,151250.54,38250.88,528
Cus0002,David White,186823.56,50300.98,389
Cus0003,Mia Green,151589.13,32810.86,538
Cus0004,Andrea Ellis,178062.25,51480.59,729
Cus0005,George King,172460.45,38345.72,306
Cus0006,Emily Johnson,184906.97,40207.52,459
Cus0007,Frank Wright,197860.65,40097.84,394
Cus0008,Liam Nelson,154835.82,55424.83,570
Cus0009,Angela Griffin,186486.59,46086.84,687
Cus0010,Chase Ramos,177602.03,54882.14,670
Cus0011,Frank Wright,185228.59,31374.73,533
Cus0012,Isabella Hall,199261.08,55659.53,403
Cus0013,Liam Nelson,163898.68,49070.53,673
Cus0014,Emily Johnson,168509.05,36285.21,573
Cus0015,Chase Ramos,180456.55,35134.16,550
Cus0016,Emily Johnson,173113.01,38098.43,524
Cus0017,Jack Turner,192142.6,53280.0,534
Cus0018,Angela Griffin,190252.29,42034.94,367
Cus0019,Frank Wright,195656.81,47015.4,622
Cus0020,Frank Wright,182771.93,41868.96,769
Cus0021,David White,163244.01,37398.83,569
Cus0022,Mia Green,194891.14,41982.02,524
Cus0023,David White,175476.31,32727.28,348
Cus0024,Cynthia Washington,157642.07,34799.46,732
Cus0025,Chase Ramos,169238.37,47876.65,779
Cus0026,Hannah Scott,198553.92,55823.39,311
Cus0027,Cynthia Washington,184085.52,46109.11,573
Cus0028,Jack Turner,155577.61,43042.96,764
Cus0029,Andrea Ellis,197690.8,56275.59,569
Cus0030,Emily Johnson,175384.08,33192.32,605
Cus0031,Frank Wright,157641.96,52875.32,843
Cus0032,Andrea Ellis,179947.23,44658.17,414
Cus0033,Katherine Adams,193936.09,54949.97,614
Cus0034,George King,152896.26,56340.29,380
Cus0035,Chase Ramos,186595.38,54480.7,845
Cus0036,David White,156419.57,44258.47,469
Cus0037,Hannah Scott,176383.69,48197.82,516
Cus0038,Frank Wright,185647.45,41969.77,682
Cus0039,Noah Carter,194980.7,43544.58,553
Cus0040,George King,153201.29,30631.03,535
Cus0041,George King,150359.54,51235.23,360
Cus0042,George King,153370.02,30942.39,638
Cus0043,Chase Ramos,175707.81,38354.32,797
Cus0044,Frank Wright,176961.7,51700.58,784
Cus0045,George King,189230.97,54224.91,494
Cus0046,Cynthia Washington,154846.54,42931.54,733
Cus0047,Mia Green,173351.23,51872.28,400
Cus0048,Angela Griffin,170131.06,40179.08,411
Cus0049,George King,159579.5,46088.57,443
Cus0050,Mia Green,159174.4,43878.84,377
Cus0051,Noah Carter,190401.11,55679.01,400
Cus0052,Angela Griffin,182607.24,46217.64,315
Cus0053,Chase Ramos,196318.35,55460.87,470
Cus0054,Mia Green,174282.06,36412.42,710
Cus0055,Angela Griffin,158231.86,30064.66,699
Cus0056,Hannah Scott,196325.9,53553.88,592
Cus0057,Mia Green,184829.58,51915.16,798
Cus0058,David White,159494.89,36531.03,359
Cus0059,Angela Griffin,187398.78,31714.96,788
Cus0060,Emily Johnson,152843.98,45234.85,490
Cus0061,Chase Ramos,179751.76,50256.38,540
Cus0062,Liam Nelson,155994.33,56708.62,552
Cus0063,Angela Griffin,180969.08,42576.75,835
Cus0064,Jack Turner,196735.31,36127.78,621
Cus0065,George King,163280.73,33926.35,607
Cus0066,Noah Carter,165808.86,52555.93,374
Cus0067,Andrea Ellis,172914.28,59953.63,402
Cus0068,Chase Ramos,176881.72,45176.54,435
Cus0069,Katherine Adams,194043.21,56378.11,678
Cus0070,Isabella Hall,157887.34,55012.35,609
Cus0071,Andrea Ellis,183393.16,46638.07,406
Cus0072,David White,163223.3,56691.38,459
Cus0073,Hannah Scott,164087.81,36318.89,651
Cus0074,Frank Wright,184374.86,55587.38,817
Cus0075,Olivia Lee,162556.06,57244.77,352
Cus0076,Chase Ramos,181714.22,54880.44,345
Cus0077,Andrea Ellis,166677.83,33924.59,568
Cus0078,Emily Johnson,187061.55,46550.41,737
Cus0079,Andrea Ellis,155593.69,58351.53,452
Cus0080,Angela Griffin,191729.75,47475.29,451
Cus0081,Mia Green,156372.28,39247.75,340
Cus0082,Katherine Adams,160503.83,37485.89,405
Cus0083,Katherine Adams,189005.81,56524.04,716
Cus0084,David White,196288.19,37102.12,466
Cus0085,Emily Johnson,194070.81,30743.59,640
Cus0086,Mia Green,190111.76,55921.92,554
Cus0087,Hannah Scott,157959.89,51038.35,691
Cus0088,Angela Griffin,192929.66,36673.01,771
Cus0089,Katherine Adams,165259.54,53860.36,533
Cus0090,George King,151183.22,35793.89,636
Cus0091,Hannah Scott,193217.65,59006.67,585
Cus0092,Katherine Adams,182074.09,41990.35,849
Cus0093,Jack Turner,196961.86,33460.25,567
Cus0094,Emily Johnson,179029.49,59506.52,339
Cus0095,Cynthia Washington,179828.56,40370.61,621
Cus0096,Mia Green,180310.44,45342.69,694
Cus0097,Frank Wright,162736.13,51263.56,301
Cus0098,Frank Wright,168211.07,32099.21,638
Cus0099,Jack Turner,183169.37,33738.76,607
Cus0100,Isabella Hall,183344.65,39785.49,602
Cus0101,David White,159592.0,49947.88,688
Cus0102,Emily Johnson,180775.75,39028.5,300
Cus0103,Isabella Hall,164345.69,42896.64,629
Cus0104,Noah Carter,172089.3,50268.82,823
Cus0105,Olivia Lee,189686.77,58794.96,473
Cus0106,Chase Ramos,164189.32,49915.62,643
Cus0107,Chase Ramos,190921.17,52534.14,617
Cus0108,George King,190328.14,34420.62,347
Cus0109,George King,199196.8,48338.22,374
Cus0110,Noah Carter,170722.05,48892.96,499
Cus0111,Liam Nelson,174718.86,37319.53,305
Cus0112,Cynthia Washington,188921.02,36565.23,830
Cus0113,Noah Carter,152510.92,37475.95,424
Cus0114,Noah Carter,156666.96,43939.3,843
Cus0115,Jack Turner,197501.98,56742.78,816
Cus0116,Mia Green,191528.46,46436.16,462
Cus0117,Olivia Lee,172503.49,52553.3,583
Cus0118,Olivia Lee,181337.42,38237.92,379
Cus0119,Isabella Hall,161724.68,40075.43,382
Cus0120,David White,157541.53,41491.06,456
Cus0121,Frank Wright,153211.44,42227.98,777
Cus0122,Mia Green,153113.29,54986.74,698
Cus0123,Andrea Ellis,192836.6,52967.84,689
Cus0124,Olivia Lee,150294.8,40552.76,699
Cus0125,Mia Green,176911.03,52039.02,525
Cus0126,Olivia Lee,160971.08,43075.08,329
Cus0127,Liam Nelson,166806.48,50374.26,714
Cus0128,Emily Johnson,192025.28,57586.25,846
Cus0129,Andrea Ellis,195346.44,47756.78,327
Cus0130,Chase Ramos,182137.48,34070.98,772
Cus0131,Emily Johnson,152514.23,41373.12,516
Cus0132,Noah Carter,166342.29,52836.89,688
Cus0133,Hannah Scott,187600.49,54957.73,558
Cus0134,Chase Ramos,173515.34,52470.73,353
Cus0135,Katherine Adams,161211.11,32058.55,341
Cus0136,Andrea Ellis,197480.59,35980.82,320
Cus0137,David White,161927.25,44206.83,417
Cus0138,Frank Wright,173251.7,37687.31,677
Cus0139,Emily Johnson,180294.63,58912.04,417
Cus0140,Emily Johnson,198236.04,33242.96,326
Cus0141,Isabella Hall,178789.84,57240.78,684
Cus0142,Liam Nelson,197073.53,35949.89,548
Cus0143,Cynthia Washington,184859.65,39047.48,423
Cus0144,Angela Griffin,167360.19,42851.34,679
Cus0145,Chase Ramos,175298.04,40236.94,730
Cus0146,Olivia Lee,155276.94,58823.63,770
Cus0147,David White,171774.36,52013.86,576
Cus0148,Olivia Lee,173243.69,54772.04,574
Cus0149,Jack Turner,192585.66,54921.93,388
Cus0150,Hannah Scott,194081.56,37315.9,775
Cus0151,Liam Nelson,166819.83,44829.2,632
Cus0152,Emily Johnson,174377.5,40644.75,564
Cus0153,Jack Turner,163982.92,47884.65,582
Cus0154,Andrea Ellis,175831.36,35731.69,547
Cus0155,Mia Green,174428.89,52744.94,787
Cus0156,Olivia Lee,172408.73,30517.3,601
Cus0157,George King,170220.06,37299.15,677
Cus0158,Olivia Lee,177673.65,40312.72,638
Cus0159,Katherine Adams,185142.75,38127.49,557
Cus0160,George King,156032.79,35777.53,422
Cus0161,Emily Johnson,159577.05,52158.14,583
Cus0162,Isabella Hall,199025.53,54978.85,603
Cus0163,George King,168044.05,39068.03,846
Cus0164,David White,163715.57,59228.85,599
Cus0165,David White,181893.48,52583.77,405
Cus0166,Andrea Ellis,178703.21,44081.91,751
Cus0167,Jack Turner,159218.18,31541.3,789
Cus0168,Cynthia Washington,191105.78,42021.22,375
Cus0169,Angela Griffin,157586.35,54334.26,611
Cus0170,Chase Ramos,199695.91,33553.55,726
Cus0171,George King,188784.68,41411.34,753
Cus0172,Isabella Hall,193008.33,59700.94,612
Cus0173,Angela Griffin,180481.55,52202.68,512
Cus0174,Frank Wright,163232.31,32435.62,545
Cus0175,Emily Johnson,177599.61,34695.98,718
Cus0176,Noah Carter,184468.56,44097.37,333
Cus0177,George King,164405.24,38481.55,764
Cus0178,Chase Ramos,184369.25,57717.33,502
Cus0179,Mia Green,155738.82,36744.28,452
Cus0180,Hannah Scott,191331.56,32142.3,469
Cus0181,Isabella Hall,179752.2,54727.21,595
Cus0182,Noah Carter,156217.68,50660.34,712
Cus0183,Hannah Scott,175023.61,44813.86,382
Cus0184,Angela Griffin,194471.14,52036.02,556
Cus0185,Andrea Ellis,154566.34,58857.33,321
Cus0186,Hannah Scott,178812.35,52893.27,479
Cus0187,Olivia Lee,175948.19,43266.88,584
Cus0188,Emily Johnson,199847.27,43076.55,803
Cus0189,Chase Ramos,173500.52,42250.44,628
Cus0190,Cynthia Washington,192886.65,39894.11,807
Cus0191,Isabella Hall,183129.18,42013.57,337
Cus0192,Noah Carter,154402.99,37571.97,418
Cus0193,Liam Nelson,193245.53,54747.82,301
Cus0194,Noah Carter,170662.38,35627.48,670
Cus0195,Olivia Lee,181270.44,52799.72,508
Cus0196,Hannah Scott,177460.98,57830.18,748
Cus0197,Olivia Lee,156071.3,59194.4,545
Cus0198,Emily Johnson,165537.51,30410.23,717
Cus0199,Chase Ramos,161235.03,55242.17,416
Cus0200,Noah Carter,197353.04,49431.29,457
Cus0201,Olivia Lee,196632.65,38755.85,579
Cus0202,Mia Green,191736.2,59407.34,549
Cus0203,Noah Carter,177563.25,41507.58,820
Cus0204,David White,193201.35,38287.42,724
Cus0205,Jack Turner,196712.42,45232.13,302
Cus0206,Isabella Hall,186302.55,55124.28,801
Cus0207,David White,172327.37,44530.24,640
Cus0208,Liam Nelson,172767.23,39653.32,493
Cus0209,George King,178589.88,37006.87,720
Cus0210,Angela Griffin,165908.82,44189.29,690
Cus0211,Liam Nelson,199420.7,53771.81,455
Cus0212,Olivia Lee,198241.22,33787.39,639
Cus0213,Cynthia Washington,193709.52,43209.19,838
Cus0214,Noah Carter,150767.38,34324.66,458
Cus0215,Chase Ramos,173474.53,59076.11,646
Cus0216,Liam Nelson,182491.83,55552.96,846
Cus0217,Liam Nelson,197706.98,48803.98,799
Cus0218,Angela Griffin,180872.97,37043.11,594
Cus0219,George King,187338.32,43019.14,400
Cus0220,Cynthia Washington,172183.93,50820.03,329
Cus0221,Angela Griffin,166218.73,31683.58,667
Cus0222,Katherine Adams,171534.34,37325.92,721
Cus0223,Emily Johnson,158499.18,32369.05,691
Cus0224,George King,174883.36,47494.71,537
Cus0225,Noah Carter,181895.23,43787.11,309
Cus0226,Noah Carter,195060.47,50328.33,461
Cus0227,Chase Ramos,172086.49,40366.97,606
Cus0228,Mia Green,184515.68,43705.07,609
Cus0229,Frank Wright,199968.68,55600.06,409
Cus0230,George King,169068.21,40768.77,602
Cus0231,Isabella Hall,151096.98,54901.13,705
Cus0232,Hannah Scott,150404.9,55952.02,350
Cus0233,Olivia Lee,191641.94,57088.05,535
Cus0234,Katherine Adams,160950.23,35703.96,556
Cus0235,David White,181412.41,57102.11,340
Cus0236,Isabella Hall,189430.52,31000.94,673
Cus0237,David White,154506.67,38853.31,725
Cus0238,Emily Johnson,160039.74,53595.38,674
Cus0239,Hannah Scott,191523.63,37709.1,793
Cus0240,Isabella Hall,187327.97,40161.46,417
Cus0241,Noah Carter,198144.66,34222.71,531
Cus0242,Liam Nelson,198363.49,54137.63,674
Cus0243,Chase Ramos,189534.1,30417.56,849
Cus0244,Cynthia Washington,172739.3,50184.85,568
Cus0245,Liam Nelson,191120.87,58208.76,410
Cus0246,George King,173573.84,48586.41,635
Cus0247,George King,182382.62,49062.12,775
Cus0248,Isabella Hall,182461.97,33500.28,346
Cus0249,Angela Griffin,165218.23,44778.74,399
Cus0250,George King,194362.97,34069.92,764
Cus0251,Katherine Adams,183524.31,52294.2,729
Cus0252,David White,194270.69,49647.66,801
Cus0253,Mia Green,196952.65,38392.2,679
Cus0254,Frank Wright,172169.15,58516.66,671
Cus0255,Cynthia Washington,199046.39,41020.05,667
Cus0256,Angela Griffin,169906.98,35694.26,425
Cus0257,Noah Carter,154583.67,36363.17,321
Cus0258,Angela Griffin,189339.73,37307.07,428
Cus0259,Frank Wright,153430.51,52954.72,512
Cus0260,Frank Wright,190652.65,36989.96,451
Cus0261,Andrea Ellis,163863.74,59520.84,433
Cus0262,Hannah Scott,189925.69,33297.79,326
Cus0263,David White,150743.02,53699.54,543
Cus0264,Jack Turner,150789.05,37961.03,429
Cus0265,Mia Green,176304.28,52369.96,787
Cus0266,Noah Carter,188900.85,45397.14,411
Cus0267,Noah Carter,175191.93,58362.47,344
Cus0268,Isabella Hall,172902.13,58920.79,362
Cus0269,Olivia Lee,192364.93,42788.21,410
Cus0270,Olivia Lee,185620.07,43306.87,382
Cus0271,Jack Turner,180414.87,31970.47,581
Cus0272,Jack Turner,169045.22,47921.76,601
Cus0273,Noah Carter,175277.55,42905.98,417
Cus0274,Frank Wright,171503.5,56642.73,723
Cus0275,Jack Turner,191370.96,41961.91,397
Cus0276,Jack Turner,171338.2,49953.24,683
Cus0277,David White,184341.05,44228.04,393
Cus0278,Chase Ramos,154661.51,32896.93,681
Cus0279,David White,177818.54,47593.95,637
Cus0280,Cynthia Washington,170540.43,56208.22,733
Cus0281,Angela Griffin,198419.93,48012.3,660
Cus0282,Cynthia Washington,178895.93,36382.16,793
Cus0283,George King,192363.74,40503.42,676
Cus0284,Cynthia Washington,188130.28,47223.0,739
Cus0285,Andrea Ellis,180449.75,49734.94,573
Cus0286,Andrea Ellis,159020.8,51080.96,616
Cus0287,Jack Turner,167551.17,35442.17,446
Cus0288,Liam Nelson,153479.27,52229.07,331
Cus0289,Chase Ramos,187305.59,36453.99,729
Cus0290,Noah Carter,167044.8,41101.59,632
Cus0291,Chase Ramos,194167.11,34667.4,350
Cus0292,Chase Ramos,163605.14,49858.16,797
Cus0293,Noah Carter,170709.19,36467.07,824
Cus0294,Cynthia Washington,167258.64,33326.69,798
Cus0295,Isabella Hall,152270.87,41857.9,356
Cus0296,Andrea Ellis,160221.16,58359.72,440
Cus0297,Hannah Scott,164472.36,33599.53,809
Cus0298,Mia Green,158784.74,41406.22,535
Cus0299,Katherine Adams,153603.77,55852.93,343
Cus0300,Mia Green,150937.08,57634.87,620
Cus0301,Mia Green,178669.98,51284.97,727
Cus0302,Isabella Hall,155758.67,30625.7,632
Cus0303,Emily Johnson,190066.11,48543.76,670
Cus0304,Chase Ramos,171835.59,33175.89,746
Cus0305,Liam Nelson,176198.13,41873.0,617
Cus0306,Jack Turner,161078.6,53373.54,378
Cus0307,Cynthia Washington,176530.24,35817.11,657
Cus0308,Katherine Adams,186368.96,54568.46,451
Cus0309,George King,155140.23,37679.05,477
Cus0310,David White,188010.76,49665.27,481
Cus0311,Olivia Lee,173197.65,46912.06,759
Cus0312,Jack Turner,193212.34,48816.52,454
Cus0313,Noah Carter,153414.31,43266.24,610
Cus0314,Hannah Scott,179570.99,40558.27,375
Cus0315,Isabella Hall,173087.12,31128.22,677
Cus0316,Isabella Hall,153836.55,55927.5,392
Cus0317,Liam Nelson,173135.58,46629.49,342
Cus0318,Noah Carter,195452.5,47149.7,492
Cus0319,Jack Turner,180250.29,45041.02,363
Cus0320,Noah Carter,155175.09,56973.81,651
Cus0321,Chase Ramos,175227.45,35176.77,553
Cus0322,Noah Carter,199549.3,45722.06,462
Cus0323,Katherine Adams,168642.6,38486.81,718
Cus0324,Jack Turner,183944.89,31570.97,642
Cus0325,Chase Ramos,166484.54,46738.9,695
Cus0326,Isabella Hall,162599.79,55546.99,453
Cus0327,Jack Turner,154075.1,49908.36,658
Cus0328,Isabella Hall,198384.83,50954.4,701
Cus0329,David White,179752.06,58140.07,617
Cus0330,Liam Nelson,182174.66,39854.3,430
Cus0331,Chase Ramos,182301.24,42702.19,670
Cus0332,Andrea Ellis,168129.88,35407.89,519
Cus0333,Jack Turner,197383.41,44588.13,531
Cus0334,David White,157747.26,38873.76,403
Cus0335,Angela Griffin,183096.46,56291.78,434
Cus0336,Liam Nelson,157712.64,35425.38,469
Cus0337,Noah Carter,152184.62,40928.98,543
Cus0338,Noah Carter,180529.77,52571.73,759
Cus0339,George King,176700.56,39284.04,780
Cus0340,Frank Wright,168392.05,58413.91,751
Cus0341,Noah Carter,188471.93,53343.72,814
Cus0342,Mia Green,198313.41,54506.74,441
Cus0343,Hannah Scott,152608.99,44417.72,680
Cus0344,Cynthia Washington,185570.05,45477.28,427
Cus0345,Isabella Hall,154193.76,34809.37,760
Cus0346,David White,191552.34,32751.41,527
Cus0347,Noah Carter,194231.49,57914.16,724
Cus0348,Angela Griffin,169822.7,41218.84,695
Cus0349,Chase Ramos,168745.63,30845.63,401
Cus0350,Jack Turner,189569.03,34127.99,593
Cus0351,Olivia Lee,184803.6,34163.78,780
Cus0352,Noah Carter,180767.41,57175.72,319
Cus0353,Hannah Scott,160782.74,34485.59,840
Cus0354,Mia Green,155559.34,38643.05,608
Cus0355,Cynthia Washington,152387.47,42594.77,768
Cus0356,Chase Ramos,155542.89,57154.41,848
Cus0357,Andrea Ellis,181597.75,47251.42,447
Cus0358,Isabella Hall,171461.94,48444.29,546
Cus0359,Mia Green,159365.7,50046.45,836
Cus0360,Katherine Adams,153383.97,45781.78,819
Cus0361,Andrea Ellis,169522.69,44104.05,696
Cus0362,Katherine Adams,162682.51,30487.27,369
Cus0363,Katherine Adams,162056.3,49713.13,406
Cus0364,Jack Turner,156670.48,40568.97,646
Cus0365,Emily Johnson,191519.18,50540.48,790
Cus0366,Emily Johnson,190574.88,31893.02,768
Cus0367,Angela Griffin,164672.13,31314.19,504
Cus0368,Angela Griffin,165779.79,39302.28,707
Cus0369,Olivia Lee,162665.69,52598.73,495
Cus0370,Isabella Hall,167848.71,53425.25,639
Cus0371,Hannah Scott,156223.75,41040.58,709
Cus0372,Noah Carter,194731.87,41599.34,491
Cus0373,Olivia Lee,184603.42,41020.41,831
Cus0374,Hannah Scott,190057.4,51812.44,380
Cus0375,Mia Green,180122.66,54670.24,600
Cus0376,Jack Turner,155129.9,39837.6,602
Cus0377,Isabella Hall,172295.79,51529.89,470
Cus0378,Noah Carter,167577.35,31270.65,661
Cus0379,Mia Green,163727.77,59400.82,358
Cus0380,Chase Ramos,183559.19,42186.31,825
Cus0381,Emily Johnson,197639.47,34283.38,748
Cus0382,Angela Griffin,156311.5,37079.86,675
Cus0383,Katherine Adams,169142.72,47017.34,457
Cus0384,Noah Carter,197441.18,41160.4,378
Cus0385,David White,176472.99,41941.02,585
Cus0386,George King,198026.0,30777.4,490
Cus0387,Olivia Lee,175887.26,57406.28,420
Cus0388,Hannah Scott,188748.22,51121.13,519
Cus0389,Isabella Hall,184699.03,59958.87,504
Cus0390,Cynthia Washington,156786.42,32221.56,476
Cus0391,Noah Carter,199863.12,54315.4,627
Cus0392,Katherine Adams,185477.02,46499.91,597
Cus0393,Isabella Hall,192568.1,51354.27,478
Cus0394,Katherine Adams,175437.79,33640.87,505
Cus0395,David White,161836.81,44820.66,669
Cus0396,Katherine Adams,173370.29,59490.36,432
Cus0397,Chase Ramos,153287.41,41944.8,790
Cus0398,Mia Green,188458.23,54700.18,375
Cus0399,David White,198618.99,49270.16,760
Cus0400,Noah Carter,184005.45,40335.44,486
Cus0401,David White,171630.91,57321.37,356
Cus0402,Cynthia Washington,175905.11,39123.74,465
Cus0403,Jack Turner,196736.89,36764.11,831
Cus0404,Isabella Hall,192296.69,37518.16,581
Cus0405,David White,181251.12,48432.85,395
Cus0406,Emily Johnson,179590.42,47419.4,475
Cus0407,Jack Turner,192126.5,46908.54,329
Cus0408,Chase Ramos,152273.09,49243.61,571
Cus0409,Frank Wright,188347.95,42497.6,331
Cus0410,Olivia Lee,194449.84,46367.32,609
Cus0411,Olivia Lee,162243.9,54220.48,715
Cus0412,Isabella Hall,172677.21,50658.41,461
Cus0413,Noah Carter,170781.09,43933.26,648
Cus0414,David White,165629.12,51550.89,653
Cus0415,Liam Nelson,156538.31,41116.21,408
Cus0416,Jack Turner,162086.89,33675.66,760
Cus0417,George King,157043.88,31518.16,693
Cus0418,Mia Green,162413.51,55959.23,463
Cus0419,Jack Turner,196687.58,51633.85,494
Cus0420,Emily Johnson,174913.28,45441.75,810
Cus0421,Isabella Hall,174868.51,32701.47,702
Cus0422,Noah Carter,198334.33,36454.33,661
Cus0423,Angela Griffin,152527.02,44846.83,781
Cus0424,Isabella Hall,176834.54,55415.17,741
Cus0425,David White,194122.79,51825.24,712
Cus0426,Katherine Adams,152262.12,31534.73,499
Cus0427,Katherine Adams,177661.15,32205.95,816
Cus0428,Noah Carter,188220.21,38391.62,421
Cus0429,David White,198754.14,41817.11,647
Cus0430,Katherine Adams,187748.26,35971.74,821
Cus0431,Liam Nelson,175003.9,31359.1,440
Cus0432,Jack Turner,190198.29,45579.98,452
Cus0433,David White,166398.29,48392.04,466
Cus0434,Liam Nelson,199530.79,52179.58,606
Cus0435,Jack Turner,175365.75,45291.42,801
Cus0436,Isabella Hall,173744.63,30499.11,639
Cus0437,Cynthia Washington,198994.9,47511.06,327
Cus0438,Olivia Lee,163276.52,49667.73,533
Cus0439,Angela Griffin,179176.16,35115.36,689
Cus0440,David White,191083.06,37265.9,412
Cus0441,Frank Wright,150946.87,39410.77,455
Cus0442,Mia Green,184525.01,42311.32,782
Cus0443,Angela Griffin,185288.76,45560.5,632
Cus0444,Olivia Lee,176273.86,39412.58,477
Cus0445,Noah Carter,195606.21,40269.81,662
Cus0446,Hannah Scott,180503.83,35767.93,552
Cus0447,Hannah Scott,177904.33,36746.01,604
Cus0448,Isabella Hall,185245.05,50707.2,800
Cus0449,Jack Turner,173990.17,46814.63,580
Cus0450,Isabella Hall,156093.71,50298.67,688
Cus0451,Liam Nelson,190918.87,58638.27,449
Cus0452,Isabella Hall,152103.32,58659.41,380
Cus0453,Katherine Adams,196200.48,49679.16,790
Cus0454,Frank Wright,160103.4,46157.34,578
Cus0455,David White,155461.33,52226.73,545
Cus0456,George King,152538.27,57155.53,531
Cus0457,George King,152624.56,42399.04,783
Cus0458,Cynthia Washington,184059.6,34124.01,461
Cus0459,Mia Green,182644.64,56419.42,787
Cus0460,Olivia Lee,182526.93,52677.33,594
Cus0461,Jack Turner,164270.77,31774.88,391
Cus0462,George King,176757.61,51693.53,338
Cus0463,Emily Johnson,170894.25,55128.15,337
Cus0464,Liam Nelson,189398.03,35589.35,596
Cus0465,Angela Griffin,150463.36,47038.86,409
Cus0466,Jack Turner,164228.08,59672.98,836
Cus0467,Olivia Lee,194463.0,34026.0,816
Cus0468,Noah Carter,163641.85,54264.42,638
Cus0469,Emily Johnson,186555.96,49448.56,490
Cus0470,Andrea Ellis,186830.89,53723.03,497
Cus0471,Emily Johnson,180547.72,49161.77,715
Cus0472,Mia Green,175764.03,32602.13,397
Cus0473,Emily Johnson,199084.26,44323.62,554
Cus0474,Andrea Ellis,163039.26,37065.64,573
Cus0475,Jack Turner,165097.29,51686.48,311
Cus0476,Hannah Scott,182684.17,50783.06,363
Cus0477,Cynthia Washington,173269.75,34791.5,814
Cus0478,Isabella Hall,184514.52,49161.34,602
Cus0479,Katherine Adams,180731.27,36573.86,436
Cus0480,Olivia Lee,157659.28,52432.05,682
Cus0481,Mia Green,185097.04,57383.91,850
Cus0482,Frank Wright,188092.98,50410.26,383
Cus0483,Noah Carter,176408.66,40853.55,414
Cus0484,Angela Griffin,191438.7,57086.64,507
Cus0485,David White,158226.86,55634.58,752
Cus0486,Cynthia Washington,184014.76,51507.54,800
Cus0487,Chase Ramos,194944.47,43364.48,356
Cus0488,Noah Carter,156597.22,42462.74,359
Cus0489,Noah Carter,183638.39,39245.09,322
Cus0490,Liam Nelson,162722.86,30090.46,523
Cus0491,Chase Ramos,152264.49,40335.87,365
Cus0492,Angela Griffin,196729.14,32070.57,783
Cus0493,Angela Griffin,164354.54,35399.44,438
Cus0494,Mia Green,168723.05,56740.01,759
Cus0495,Liam Nelson,168782.28,50481.91,436
Cus0496,Katherine Adams,155931.66,59785.4,702
Cus0497,David White,186392.91,36680.71,303
Cus0498,Andrea Ellis,198924.53,43890.12,734
Cus0499,Liam Nelson,191168.02,37425.36,654
Cus0500,David White,163782.49,58122.31,415
Cus0501,Angela Griffin,190473.91,42577.22,316
Cus0502,George King,160304.08,33026.9,334
Cus0503,Noah Carter,179889.24,51098.59,349
Cus0504,George King,187027.05,42067.96,539
Cus0505,Frank Wright,187719.29,53281.91,443
Cus0506,Isabella Hall,161708.08,57491.91,626
Cus0507,Jack Turner,161845.2,56287.75,833
Cus0508,George King,170678.01,38254.62,479
Cus0509,Mia Green,177792.53,31406.52,652
Cus0510,Liam Nelson,189290.23,39562.03,726
Cus0511,Mia Green,157460.88,41293.81,850
Cus0512,Olivia Lee,162048.41,36760.34,447
Cus0513,Noah Carter,195737.06,46871.58,726
Cus0514,David White,169420.95,37649.87,638
Cus0515,Chase Ramos,196111.31,55414.0,394
Cus0516,Frank Wright,152576.83,41315.04,340
Cus0517,Chase Ramos,159408.16,52850.89,522
Cus0518,Olivia Lee,160444.45,57210.98,610
Cus0519,Andrea Ellis,160590.39,35700.71,420
Cus0520,Olivia Lee,195722.06,50868.79,509
Cus0521,Liam Nelson,195756.32,46562.38,589
Cus0522,Liam Nelson,173312.52,49461.64,615
Cus0523,Hannah Scott,167982.23,56484.36,777
Cus0524,Cynthia Washington,190140.83,51672.41,627
Cus0525,Frank Wright,168535.25,42417.91,526
Cus0526,David White,150811.0,46599.35,727
Cus0527,Isabella Hall,157620.57,39895.96,688
Cus0528,George King,174965.07,49638.24,645
Cus0529,Hannah Scott,188168.03,44658.63,802
Cus0530,Noah Carter,158411.68,53849.27,473
Cus0531,David White,186015.68,44649.49,360
Cus0532,Angela Griffin,191953.42,32229.91,349
Cus0533,Andrea Ellis,170619.61,55276.34,536
Cus0534,Chase Ramos,185358.48,30274.24,817
Cus0535,Noah Carter,168660.03,48535.06,794
Cus0536,Olivia Lee,150786.59,45966.37,721
Cus0537,Andrea Ellis,150836.31,51665.78,848
Cus0538,Isabella Hall,150857.13,54394.72,740
Cus0539,Emily Johnson,155350.82,32889.42,452
Cus0540,George King,159596.6,45793.68,662
Cus0541,Hannah Scott,189746.82,32370.58,715
Cus0542,Noah Carter,178250.11,59706.99,531
Cus0543,Isabella Hall,184202.08,55436.01,332
Cus0544,Chase Ramos,170263.91,41315.09,787
Cus0545,Angela Griffin,181837.4,51085.35,384
Cus0546,Olivia Lee,192266.49,49347.22,639
Cus0547,Cynthia Washington,194739.56,57574.57,535
Cus0548,Frank Wright,195063.65,50768.63,786
Cus0549,Hannah Scott,152328.1,32230.44,587
Cus0550,Angela Griffin,158967.73,55512.83,316
Cus0551,Frank Wright,179351.81,52567.63,707
Cus0552,Chase Ramos,164963.84,46918.75,698
Cus0553,Jack Turner,169192.31,52192.36,380
Cus0554,Katherine Adams,152684.82,43112.65,377
Cus0555,Jack Turner,180258.44,48415.96,706
Cus0556,Jack Turner,151481.28,38199.81,761
Cus0557,Olivia Lee,161406.92,46591.13,684
Cus0558,Mia Green,159286.89,47576.25,689
Cus0559,Chase Ramos,188608.37,38861.38,552
Cus0560,Chase Ramos,154101.9,34626.63,457
Cus0561,Liam Nelson,165833.91,33196.53,305
Cus0562,Isabella Hall,172236.79,52840.39,404
Cus0563,David White,154364.86,42929.39,824
Cus0564,Mia Green,155164.65,32688.57,395
Cus0565,Jack Turner,193185.91,30370.22,723
Cus0566,Liam Nelson,188958.46,51745.32,548
Cus0567,Emily Johnson,184265.8,35085.05,575
Cus0568,Isabella Hall,163420.34,34378.04,471
Cus0569,Mia Green,163798.09,38992.57,378
Cus0570,Katherine Adams,162584.99,37397.7,807
Cus0571,Frank Wright,172893.08,34064.69,306
Cus0572,Liam Nelson,166610.86,48605.77,637
Cus0573,Noah Carter,166736.81,54464.26,439
Cus0574,Isabella Hall,166033.26,58418.37,505
Cus0575,Olivia Lee,165709.16,58937.24,626
Cus0576,Isabella Hall,186743.72,48987.07,548
Cus0577,Jack Turner,168802.77,54494.84,702
Cus0578,Katherine Adams,155694.39,46915.52,484
Cus0579,Andrea Ellis,197650.23,43848.67,514
Cus0580,Noah Carter,189884.28,54938.45,370
Cus0581,Mia Green,183648.88,34175.37,610
Cus0582,George King,162634.08,34624.3,733
Cus0583,Liam Nelson,153698.26,59721.02,790
Cus0584,Liam Nelson,176718.37,57704.87,728
Cus0585,Angela Griffin,189536.05,40785.88,849
Cus0586,Chase Ramos,155468.47,37446.93,663
Cus0587,Emily Johnson,182349.99,31328.9,709
Cus0588,Jack Turner,198285.84,42913.67,310
Cus0589,Cynthia Washington,162936.92,45320.29,831
Cus0590,George King,172288.93,41734.03,812
Cus0591,David White,167248.37,30736.88,407
Cus0592,Isabella Hall,170798.77,58851.84,418
Cus0593,David White,167416.43,40292.0,511
Cus0594,Olivia Lee,167415.01,32928.69,763
Cus0595,Jack Turner,153358.72,31340.49,417
Cus0596,Andrea Ellis,192459.0,49439.1,468
Cus0597,George King,175799.7,46557.31,638
Cus0598,Mia Green,197923.13,36955.67,714
Cus0599,Emily Johnson,159319.35,49719.24,705
Cus0600,Andrea Ellis,186869.42,56492.92,760
Cus0601,Mia Green,169441.79,51142.07,510
Cus0602,Hannah Scott,187616.27,54261.89,364
Cus0603,Cynthia Washington,189975.12,46106.67,674
Cus0604,Jack Turner,159853.71,33418.65,801
Cus0605,Jack Turner,179848.54,48339.25,416
Cus0606,Katherine Adams,167599.25,43735.82,476
Cus0607,Isabella Hall,195934.13,47705.05,437
Cus0608,Jack Turner,155893.08,39161.4,487
Cus0609,Katherine Adams,184671.83,45324.75,728
Cus0610,David White,178740.3,42691.16,798
Cus0611,Emily Johnson,177745.63,44689.26,443
Cus0612,Emily Johnson,165729.0,43530.03,354
Cus0613,Katherine Adams,197592.1,44538.27,499
Cus0614,Liam Nelson,198191.45,45163.14,806
Cus0615,Mia Green,184234.83,42468.91,754
Cus0616,Olivia Lee,158362.67,46961.93,525
Cus0617,Isabella Hall,151634.75,36745.3,595
Cus0618,Emily Johnson,189037.01,46969.51,807
Cus0619,Cynthia Washington,178635.7,38036.67,675
Cus0620,Angela Griffin,188000.21,43241.0,523
Cus0621,Mia Green,155120.82,54902.12,553
Cus0622,Isabella Hall,193740.49,30966.91,569
Cus0623,Katherine Adams,193109.98,32609.49,420
Cus0624,George King,160493.91,52128.39,659
Cus0625,Mia Green,158299.08,34177.05,511
Cus0626,Frank Wright,190272.02,47102.23,845
Cus0627,Hannah Scott,179842.88,35051.32,599
Cus0628,Isabella Hall,178636.78,58571.92,826
Cus0629,Cynthia Washington,156779.45,52502.82,721
Cus0630,Angela Griffin,199624.31,56011.43,429
Cus0631,David White,162483.86,51341.85,553
Cus0632,Liam Nelson,174472.94,47322.77,575
Cus0633,Mia Green,168758.62,32265.49,395
Cus0634,Liam Nelson,175780.67,38346.77,677
Cus0635,Noah Carter,197512.7,39818.68,302
Cus0636,Chase Ramos,186546.6,43753.48,666
Cus0637,Chase Ramos,189783.9,41931.48,739
Cus0638,Frank Wright,174735.75,39685.95,590
Cus0639,Jack Turner,177365.53,33917.83,796
Cus0640,Jack Turner,194707.73,52867.62,347
Cus0641,Cynthia Washington,181308.98,55101.07,316
Cus0642,Cynthia Washington,196471.64,34739.51,767
Cus0643,Andrea Ellis,199591.91,42833.98,435
Cus0644,Isabella Hall,157948.87,57981.77,580
Cus0645,Chase Ramos,182729.4,37511.68,680
Cus0646,Emily Johnson,152589.36,48768.13,539
Cus0647,Mia Green,182774.26,51110.94,301
Cus0648,Frank Wright,173840.34,33980.99,531
Cus0649,Noah Carter,150464.35,50867.91,423
Cus0650,Mia Green,184701.55,44331.01,534
Cus0651,Liam Nelson,154466.55,54178.71,405
Cus0652,Jack Turner,168378.08,38977.66,691
Cus0653,David White,182078.81,50314.11,370
Cus0654,Andrea Ellis,180515.96,34923.5,659
Cus0655,Frank Wright,181404.0,34541.22,721
Cus0656,Noah Carter,192998.13,32600.64,402
Cus0657,David White,187622.28,47687.22,693
Cus0658,Katherine Adams,198162.44,39435.11,443
Cus0659,George King,163848.38,32527.46,591
Cus0660,Andrea Ellis,192394.61,49752.16,608
Cus0661,Frank Wright,175887.46,45285.68,701
Cus0662,Isabella Hall,182308.49,53514.05,545
Cus0663,Olivia Lee,169294.28,37232.45,372
Cus0664,Andrea Ellis,199344.13,58017.73,435
Cus0665,Liam Nelson,193040.7,47051.41,674
Cus0666,Emily Johnson,188136.3,58633.59,374
Cus0667,Andrea Ellis,179368.17,30413.8,520
Cus0668,Angela Griffin,196128.96,58460.4,707
Cus0669,Isabella Hall,181428.53,45031.47,725
Cus0670,Mia Green,185090.53,32472.83,849
Cus0671,David White,163873.39,39297.21,823
Cus0672,Frank Wright,198715.67,34661.31,634
Cus0673,Liam Nelson,179321.86,52896.72,367
Cus0674,Isabella Hall,184933.79,51898.75,544
Cus0675,Angela Griffin,162223.99,57738.83,418
Cus0676,Noah Carter,180614.84,31650.86,479
Cus0677,Cynthia Washington,150633.25,34116.35,311
Cus0678,Emily Johnson,174820.65,40401.15,829
Cus0679,Hannah Scott,158348.15,33807.92,575
Cus0680,Cynthia Washington,188571.51,30880.69,739
Cus0681,Hannah Scott,176192.71,37888.49,378
Cus0682,Olivia Lee,172759.89,40803.72,811
Cus0683,Emily Johnson,168384.39,37653.48,405
Cus0684,Cynthia Washington,161420.22,45264.75,345
Cus0685,Andrea Ellis,162227.57,44152.94,692
Cus0686,David White,158948.05,58810.26,336
Cus0687,Mia Green,161225.77,37447.9,627
Cus0688,Hannah Scott,191299.85,47146.08,422
Cus0689,Angela Griffin,158967.22,54130.14,347
Cus0690,Liam Nelson,153446.32,43952.83,589
Cus0691,Isabella Hall,166365.05,46592.74,308
Cus0692,Katherine Adams,160033.56,46914.2,611
Cus0693,George King,173196.33,47750.73,805
Cus0694,Frank Wright,186623.17,46396.78,551
Cus0695,David White,150318.89,42301.08,538
Cus0696,Katherine Adams,181797.09,50803.82,309
Cus0697,Jack Turner,150073.1,49719.12,614
Cus0698,Cynthia Washington,160259.72,59493.47,729
Cus0699,Olivia Lee,198059.25,59176.78,445
Cus0700,Hannah Scott,154651.33,57638.23,832
Cus0701,Mia Green,185042.35,41174.76,386
Cus0702,Cynthia Washington,175271.39,49116.47,703
Cus0703,Chase Ramos,179594.79,31868.49,433
Cus0704,George King,164583.8,55527.41,702
Cus0705,Jack Turner,165902.89,38158.68,376
Cus0706,Frank Wright,156805.59,53104.4,411
Cus0707,David White,155282.89,43487.0,621
Cus0708,Mia Green,156036.84,40748.62,512
Cus0709,Noah Carter,165415.39,37950.24,422
Cus0710,Chase Ramos,157880.77,50581.65,341
Cus0711,Frank Wright,191796.24,39833.81,393
Cus0712,George King,198420.0,41887.33,350
Cus0713,Isabella Hall,163008.34,59720.3,331
Cus0714,Liam Nelson,192730.07,46678.61,555
Cus0715,Cynthia Washington,173102.16,54116.9,443
Cus0716,Cynthia Washington,150597.85,54911.17,527
Cus0717,David White,159906.65,42017.45,386
Cus0718,Hannah Scott,195871.43,32249.62,366
Cus0719,Frank Wright,195124.8,43302.94,431
Cus0720,Chase Ramos,195253.9,54880.69,639
Cus0721,Cynthia Washington,152134.82,43829.85,472
Cus0722,Mia Green,191084.27,41849.96,330
Cus0723,Liam Nelson,184160.65,35184.22,519
Cus0724,Emily Johnson,163749.09,43380.34,452
Cus0725,Angela Griffin,180705.33,48509.31,602
Cus0726,Olivia Lee,170599.61,46520.66,362
Cus0727,Chase Ramos,163988.8,34117.08,504
Cus0728,George King,181537.72,54065.04,319
Cus0729,Liam Nelson,189095.79,40773.36,796
Cus0730,Katherine Adams,195633.85,45071.8,697
Cus0731,Hannah Scott,158990.79,39566.33,524
Cus0732,Andrea Ellis,194788.24,53356.15,359
Cus0733,Olivia Lee,176471.61,53005.27,538
Cus0734,Emily Johnson,155006.72,49705.93,572
Cus0735,Angela Griffin,188202.49,58434.07,697
Cus0736,Katherine Adams,196760.3,59746.26,477
Cus0737,Emily Johnson,161827.56,39540.13,667
Cus0738,Andrea Ellis,185172.64,40550.46,445
Cus0739,Frank Wright,191834.84,54312.03,804
Cus0740,Isabella Hall,158777.84,31138.91,357
Cus0741,George King,180083.14,30597.84,789
Cus0742,Andrea Ellis,166586.7,48424.04,433
Cus0743,Jack Turner,185846.88,57563.42,631
Cus0744,Angela Griffin,151095.64,47598.28,445
Cus0745,Cynthia Washington,192324.04,55820.08,374
Cus0746,Katherine Adams,185226.9,49864.19,403
Cus0747,Jack Turner,165088.26,34093.55,461
Cus0748,Mia Green,189592.13,58819.86,624
Cus0749,Emily Johnson,185359.15,46859.32,665
Cus0750,George King,183276.58,54433.63,687
Cus0751,Isabella Hall,186699.75,38835.52,481
Cus0752,Andrea Ellis,197439.41,58460.94,700
Cus0753,Angela Griffin,159104.09,39546.51,526
Cus0754,Cynthia Washington,196834.39,34219.3,379
Cus0755,George King,167340.51,39585.56,390
Cus0756,Jack Turner,172331.5,37956.37,555
Cus0757,Chase Ramos,167524.06,53610.6,301
Cus0758,Angela Griffin,169296.85,51977.53,470
Cus0759,Mia Green,174654.1,41361.38,684
Cus0760,Cynthia Washington,191440.35,53661.9,530
Cus0761,Emily Johnson,172564.37,53975.84,334
Cus0762,Isabella Hall,151003.9,37833.83,407
Cus0763,Chase Ramos,167090.41,56637.94,464
Cus0764,Chase Ramos,177352.31,56943.73,395
Cus0765,Jack Turner,179701.53,48409.34,794
Cus0766,Andrea Ellis,171566.17,49609.06,744
Cus0767,Emily Johnson,152677.79,39932.84,494
Cus0768,Mia Green,184859.84,51661.14,571
Cus0769,Isabella Hall,164870.03,32877.48,702
Cus0770,Olivia Lee,157679.5,40824.87,737
Cus0771,Chase Ramos,164727.47,49860.61,791
Cus0772,Frank Wright,154849.34,36208.59,598
Cus0773,Chase Ramos,173678.53,33465.27,707
Cus0774,Olivia Lee,174454.84,49831.2,393
Cus0775,Liam Nelson,159244.06,56564.78,678
Cus0776,Emily Johnson,172288.76,37898.88,776
Cus0777,Hannah Scott,161312.11,38056.86,363
Cus0778,David White,187611.76,50024.05,387
Cus0779,Katherine Adams,190409.01,42419.6,532
Cus0780,Angela Griffin,192039.86,54552.16,728
Cus0781,Olivia Lee,178635.71,37069.26,606
Cus0782,Chase Ramos,169740.22,55618.19,335
Cus0783,David White,156014.09,52715.66,477
Cus0784,Emily Johnson,198608.24,54253.82,429
Cus0785,Angela Griffin,171168.74,59648.4,745
Cus0786,Frank Wright,199863.46,48816.79,564
Cus0787,Jack Turner,195540.22,57425.22,368
Cus0788,Chase Ramos,169404.96,41920.65,633
Cus0789,Hannah Scott,175984.41,57514.86,312
Cus0790,Mia Green,155625.94,34489.27,402
Cus0791,Cynthia Washington,178134.19,33029.71,592
Cus0792,Katherine Adams,193894.68,37924.1,797
Cus0793,Olivia Lee,151873.28,38262.42,447
Cus0794,Liam Nelson,151939.13,56687.23,639
Cus0795,George King,152464.55,44256.55,575
Cus0796,Katherine Adams,151011.64,54521.58,610
Cus0797,Isabella Hall,164017.33,44748.58,400
Cus0798,George King,156719.28,59226.58,753
Cus0799,Jack Turner,163471.0,42503.18,391
Cus0800,Frank Wright,172085.83,57402.98,716
Cus0801,Olivia Lee,187974.66,56015.67,357
Cus0802,Emily Johnson,153280.85,51287.08,713
Cus0803,David White,189025.82,45728.59,329
Cus0804,Emily Johnson,159638.17,54987.9,359
Cus0805,George King,151653.55,31516.78,669
Cus0806,Frank Wright,163698.87,54705.19,817
Cus0807,Liam Nelson,181770.49,33716.19,331
Cus0808,George King,168623.34,47821.31,481
Cus0809,Olivia Lee,179344.01,40492.8,467
Cus0810,Hannah Scott,187448.06,50665.52,591
Cus0811,Andrea Ellis,169328.28,34887.22,519
Cus0812,George King,182368.99,50330.86,575
Cus0813,Mia Green,175664.06,55938.9,309
Cus0814,Olivia Lee,195575.77,49421.15,308
Cus0815,George King,162619.52,54152.57,612
Cus0816,Hannah Scott,171190.34,41294.26,657
Cus0817,Noah Carter,162599.94,44000.94,833
Cus0818,Liam Nelson,179224.36,30220.43,683
Cus0819,Isabella Hall,164923.8,33243.14,365
Cus0820,Jack Turner,199418.05,49217.84,583
Cus0821,Hannah Scott,182805.98,58565.63,605
Cus0822,Frank Wright,157496.46,52964.23,358
Cus0823,Liam Nelson,183026.52,50422.67,326
Cus0824,Olivia Lee,199873.45,37782.79,728
Cus0825,Liam Nelson,169413.75,31059.57,494
Cus0826,Jack Turner,186327.49,36670.9,847
Cus0827,Olivia Lee,195326.33,50156.05,819
Cus0828,Isabella Hall,192270.96,55219.16,485
Cus0829,Isabella Hall,154880.15,33838.32,564
Cus0830,Emily Johnson,197346.17,56987.73,391
Cus0831,George King,167764.17,52326.3,614
Cus0832,Mia Green,189404.52,39939.51,566
Cus0833,Isabella Hall,173188.03,33533.44,354
Cus0834,Chase Ramos,173610.98,35836.31,422
Cus0835,Liam Nelson,176491.93,42393.22,454
Cus0836,David White,199617.39,40280.1,768
Cus0837,David White,165819.17,51470.05,382
Cus0838,Olivia Lee,166631.47,59599.21,620
Cus0839,Angela Griffin,150235.68,38205.84,472
Cus0840,Emily Johnson,174478.85,52907.08,390
Cus0841,David White,180723.99,49004.63,713
Cus0842,Mia Green,198266.39,41499.49,338
Cus0843,Frank Wright,186532.95,58502.06,629
Cus0844,Frank Wright,150895.81,30123.72,554
Cus0845,George King,184676.24,40330.49,432
Cus0846,Cynthia Washington,169177.52,47660.12,471
Cus0847,Chase Ramos,191192.19,38946.07,597
Cus0848,Noah Carter,186391.6,47891.1,645
Cus0849,Mia Green,194398.7,59864.17,650
Cus0850,Olivia Lee,167962.54,35652.78,713
Cus0851,Andrea Ellis,161420.91,51815.06,434
Cus0852,Frank Wright,186703.83,47690.79,473
Cus0853,Cynthia Washington,168329.57,49516.21,338
Cus0854,Liam Nelson,193827.21,37673.68,847
Cus0855,Angela Griffin,179696.2,31438.81,410
Cus0856,Andrea Ellis,152411.75,33473.69,754
Cus0857,Liam Nelson,156179.75,37582.15,456
Cus0858,Frank Wright,184759.6,48909.34,608
Cus0859,Mia Green,183083.23,49874.49,576
Cus0860,David White,170941.29,56958.66,823
Cus0861,Cynthia Washington,164135.34,53542.8,809
Cus0862,Frank Wright,180450.09,53338.77,835
Cus0863,Frank Wright,167896.09,42292.69,464
Cus0864,Angela Griffin,177406.94,57310.7,792
Cus0865,Jack Turner,161725.26,30382.48,391
Cus0866,Cynthia Washington,191761.61,50070.66,452
Cus0867,Chase Ramos,188976.31,32251.45,403
Cus0868,Hannah Scott,182216.84,43702.54,603
Cus0869,Hannah Scott,173213.87,32994.27,478
Cus0870,Angela Griffin,192612.43,40806.44,620
Cus0871,Mia Green,186927.01,32849.95,346
Cus0872,Andrea Ellis,192599.94,49900.65,474
Cus0873,Jack Turner,167876.37,43131.44,574
Cus0874,Chase Ramos,168631.11,40281.68,416
Cus0875,Liam Nelson,170012.51,43696.16,694
Cus0876,Olivia Lee,189994.95,49465.39,470
Cus0877,Cynthia Washington,156625.58,51792.33,463
Cus0878,Cynthia Washington,170801.39,47722.51,748
Cus0879,Emily Johnson,180566.16,53374.93,329
Cus0880,David White,174153.98,44643.68,721
Cus0881,Noah Carter,152298.62,37848.39,621
Cus0882,Andrea Ellis,185228.41,50337.87,529
Cus0883,Jack Turner,175954.98,50647.25,397
Cus0884,Mia Green,183085.66,37457.31,654
Cus0885,Liam Nelson,157432.72,54793.13,355
Cus0886,Andrea Ellis,182169.94,34707.82,780
Cus0887,Olivia Lee,193470.78,32245.96,803
Cus0888,Jack Turner,162044.59,59104.35,351
Cus0889,George King,177524.78,41359.13,540
Cus0890,Chase Ramos,172954.73,54037.84,758
Cus0891,Chase Ramos,192829.46,43412.04,421
Cus0892,Olivia Lee,187261.95,30533.07,713
Cus0893,Mia Green,151791.6,46472.96,393
Cus0894,Isabella Hall,194505.54,46869.98,767
Cus0895,Jack Turner,168167.12,31628.26,528
Cus0896,Noah Carter,166598.63,53022.49,784
Cus0897,Katherine Adams,185795.68,33420.7,527
Cus0898,Andrea Ellis,167067.86,54896.52,598
Cus0899,Katherine Adams,185104.8,31373.34,468
Cus0900,Olivia Lee,157022.46,51505.68,719
Cus0901,Cynthia Washington,162714.47,35877.64,423
Cus0902,Liam Nelson,160779.48,54736.62,495
Cus0903,Jack Turner,155388.29,42434.11,426
Cus0904,Noah Carter,172869.39,47679.48,816
Cus0905,David White,198192.74,30130.13,349
Cus0906,Mia Green,191940.81,44487.96,820
Cus0907,Emily Johnson,184590.89,35209.51,431
Cus0908,Cynthia Washington,169370.28,48016.38,629
Cus0909,Liam Nelson,170933.24,48269.81,554
Cus0910,Hannah Scott,169893.5,40285.76,601
Cus0911,Noah Carter,190239.84,34145.4,824
Cus0912,Isabella Hall,192153.72,46434.18,621
Cus0913,Frank Wright,160044.45,48725.03,597
Cus0914,Katherine Adams,196059.59,33980.15,482
Cus0915,Jack Turner,185517.64,52823.25,791
Cus0916,Mia Green,183712.17,56815.98,846
Cus0917,Isabella Hall,193873.86,42671.59,313
Cus0918,Cynthia Washington,151263.61,34359.8,357
Cus0919,Frank Wright,163348.91,53565.97,593
Cus0920,Hannah Scott,157321.42,31860.98,602
Cus0921,Frank Wright,187679.7,30969.19,763
Cus0922,Cynthia Washington,180805.44,50265.78,529
Cus0923,Liam Nelson,161879.77,53529.22,594
Cus0924,Angela Griffin,196324.24,41626.64,620
Cus0925,Angela Griffin,150648.26,37540.23,753
Cus0926,George King,195574.32,51138.87,676
Cus0927,Frank Wright,188807.34,58928.69,601
Cus0928,Noah Carter,158871.29,50479.77,491
Cus0929,Emily Johnson,186753.97,33580.61,341
Cus0930,Mia Green,163955.61,37927.19,464
Cus0931,Hannah Scott,150282.26,43989.94,458
Cus0932,Angela Griffin,157685.17,39678.9,352
Cus0933,Isabella Hall,174527.55,47180.31,666
Cus0934,Chase Ramos,189201.57,39535.77,525
Cus0935,Emily Johnson,176030.31,53587.75,463
Cus0936,Mia Green,177154.01,42102.51,657
Cus0937,George King,194169.84,49900.03,639
Cus0938,Katherine Adams,164678.72,58509.25,843
Cus0939,Olivia Lee,199831.55,54710.65,309
Cus0940,Cynthia Washington,183446.92,43370.02,549
Cus0941,Angela Griffin,184127.57,39628.11,416
Cus0942,Liam Nelson,162829.53,51719.27,325
Cus0943,Katherine Adams,175715.45,45262.07,798
Cus0944,Angela Griffin,164821.7,49545.85,628
Cus0945,Chase Ramos,197410.59,35021.84,850
Cus0946,Andrea Ellis,181346.65,36323.44,518
Cus0947,Mia Green,191783.25,36167.39,745
Cus0948,Chase Ramos,187344.54,34612.64,770
Cus0949,Jack Turner,151894.32,32197.44,482
Cus0950,Hannah Scott,177904.21,47248.87,533
Cus0951,Hannah Scott,170381.64,43533.77,714
Cus0952,Mia Green,165820.21,41685.06,421
Cus0953,Andrea Ellis,182071.14,48550.48,346
Cus0954,Chase Ramos,167885.01,45085.11,596
Cus0955,Isabella Hall,180328.29,38445.52,748
Cus0956,Liam Nelson,169755.66,49821.69,785
Cus0957,Emily Johnson,176673.39,34091.44,700
Cus0958,Isabella Hall,198006.71,34322.27,682
Cus0959,Andrea Ellis,177676.21,46652.09,426
Cus0960,Angela Griffin,150251.49,47899.65,850
Cus0961,Chase Ramos,165234.56,52448.9,652
Cus0962,Frank Wright,170632.72,49377.95,824
Cus0963,David White,158047.72,36623.64,558
Cus0964,Frank Wright,155731.13,50129.34,355
Cus0965,Noah Carter,182233.73,32194.34,368
Cus0966,Hannah Scott,154910.12,51767.68,798
Cus0967,Jack Turner,167856.92,50138.87,540
Cus0968,Cynthia Washington,164256.86,32094.27,498
Cus0969,Jack Turner,174293.06,39850.38,613
Cus0970,David White,178277.6,40934.8,623
Cus0971,Mia Green,158431.98,39396.44,526
Cus0972,Mia Green,163833.99,40784.58,639
Cus0973,Olivia Lee,173142.42,40762.25,612
Cus0974,Olivia Lee,177583.59,35273.1,383
Cus0975,Hannah Scott,192935.68,34200.05,501
Cus0976,Hannah Scott,186677.23,48798.57,377
Cus0977,Andrea Ellis,192479.36,48948.79,714
Cus0978,Frank Wright,195315.18,46547.82,783
Cus0979,David White,168290.93,36699.2,597
Cus0980,David White,173235.06,45312.36,706
Cus0981,Katherine Adams,175108.36,49880.35,469
Cus0982,David White,172311.02,35374.36,449
Cus0983,Olivia Lee,196958.76,31212.59,799
Cus0984,George King,153143.06,41083.06,343
Cus0985,Frank Wright,175894.26,53743.81,697
Cus0986,Olivia Lee,195895.1,56446.56,340
Cus0987,Jack Turner,155161.25,59053.24,580
Cus0988,Hannah Scott,178931.57,47104.8,685
Cus0989,Liam Nelson,168264.84,49600.1,379
Cus0990,Hannah Scott,168816.44,57217.27,828
Cus0991,Liam Nelson,167644.9,56031.58,798
Cus0992,Olivia Lee,194358.6,30197.93,442
Cus0993,Noah Carter,158280.29,32312.65,587
Cus0994,Frank Wright,157512.02,34720.72,421
Cus0995,George King,170730.68,39906.74,416
Cus0996,Olivia Lee,183761.47,44370.63,465
Cus0997,Mia Green,151122.3,31294.33,464
Cus0998,David White,181477.02,31175.73,450
Cus0999,Angela Griffin,158317.07,57673.41,829
Cus1000,Liam Nelson,179967.88,46908.14,319
